frame,metric,value,unit,group
0,pipe_pressure,0.689655,PSI,reference:morris
0,label,0.0,state,reference:morris
1,pipe_pressure,0.666667,PSI,reference:morris
1,label,0.0,state,reference:morris
2,pipe_pressure,0.701149,PSI,reference:morris
2,label,0.0,state,reference:morris
3,pipe_pressure,0.689655,PSI,reference:morris
3,label,0.0,state,reference:morris
4,pipe_pressure,0.678161,PSI,reference:morris
4,label,0.0,state,reference:morris
5,pipe_pressure,0.689655,PSI,reference:morris
5,label,0.0,state,reference:morris
6,pipe_pressure,0.689655,PSI,reference:morris
6,label,0.0,state,reference:morris
7,pipe_pressure,0.724138,PSI,reference:morris
7,label,0.0,state,reference:morris
8,pipe_pressure,0.678161,PSI,reference:morris
8,label,0.0,state,reference:morris
9,pipe_pressure,0.689655,PSI,reference:morris
9,label,0.0,state,reference:morris
10,pipe_pressure,0.689655,PSI,reference:morris
10,label,0.0,state,reference:morris
11,pipe_pressure,1.2465,PSI,reference:morris
11,label,1.0,state,reference:morris
12,pipe_pressure,1.26302,PSI,reference:morris
12,label,1.0,state,reference:morris
13,pipe_pressure,1.23958,PSI,reference:morris
13,label,1.0,state,reference:morris
14,pipe_pressure,0.755837,PSI,reference:morris
14,label,1.0,state,reference:morris
15,pipe_pressure,1.75386,PSI,reference:morris
15,label,1.0,state,reference:morris
16,pipe_pressure,0.552936,PSI,reference:morris
16,label,1.0,state,reference:morris
17,pipe_pressure,1.69181,PSI,reference:morris
17,label,1.0,state,reference:morris
18,pipe_pressure,0.795124,PSI,reference:morris
18,label,1.0,state,reference:morris
19,pipe_pressure,1.79203,PSI,reference:morris
19,label,1.0,state,reference:morris
20,pipe_pressure,0.575925,PSI,reference:morris
20,label,1.0,state,reference:morris
21,pipe_pressure,0.572019,PSI,reference:morris
21,label,1.0,state,reference:morris
22,pipe_pressure,0.591999,PSI,reference:morris
22,label,1.0,state,reference:morris
23,pipe_pressure,0.724138,PSI,reference:morris
23,label,0.0,state,reference:morris
24,pipe_pressure,0.701149,PSI,reference:morris
24,label,0.0,state,reference:morris
25,pipe_pressure,0.735632,PSI,reference:morris
25,label,0.0,state,reference:morris
26,pipe_pressure,0.712644,PSI,reference:morris
26,label,0.0,state,reference:morris
27,pipe_pressure,0.689655,PSI,reference:morris
27,label,0.0,state,reference:morris
28,pipe_pressure,0.701149,PSI,reference:morris
28,label,0.0,state,reference:morris
29,pipe_pressure,0.712644,PSI,reference:morris
29,label,0.0,state,reference:morris
30,pipe_pressure,0.666667,PSI,reference:morris
30,label,0.0,state,reference:morris
31,pipe_pressure,0.724138,PSI,reference:morris
31,label,0.0,state,reference:morris
32,pipe_pressure,0.689655,PSI,reference:morris
32,label,0.0,state,reference:morris
33,pipe_pressure,0.689655,PSI,reference:morris
33,label,0.0,state,reference:morris
34,pipe_pressure,4.99923e-39,PSI,reference:morris
34,label,1.0,state,reference:morris
35,pipe_pressure,4.45877e-39,PSI,reference:morris
35,label,1.0,state,reference:morris
36,pipe_pressure,4.45877e-39,PSI,reference:morris
36,label,1.0,state,reference:morris
37,pipe_pressure,5.26946e-39,PSI,reference:morris
37,label,1.0,state,reference:morris
38,pipe_pressure,5.26946e-39,PSI,reference:morris
38,label,1.0,state,reference:morris
39,pipe_pressure,4.99923e-39,PSI,reference:morris
39,label,1.0,state,reference:morris
40,pipe_pressure,4.99923e-39,PSI,reference:morris
40,label,1.0,state,reference:morris
41,pipe_pressure,4.99923e-39,PSI,reference:morris
41,label,1.0,state,reference:morris
42,pipe_pressure,4.79656e-39,PSI,reference:morris
42,label,1.0,state,reference:morris
43,pipe_pressure,7.16106e-39,PSI,reference:morris
43,label,1.0,state,reference:morris
44,pipe_pressure,4.93167e-39,PSI,reference:morris
44,label,1.0,state,reference:morris
45,pipe_pressure,0.0,PSI,reference:morris
45,label,1.0,state,reference:morris
46,pipe_pressure,-0.0,PSI,reference:morris
46,label,1.0,state,reference:morris
47,pipe_pressure,-0.0,PSI,reference:morris
47,label,1.0,state,reference:morris
48,pipe_pressure,0.000112153,PSI,reference:morris
48,label,1.0,state,reference:morris
49,pipe_pressure,999.0,PSI,reference:morris
49,label,1.0,state,reference:morris
50,pipe_pressure,-0.0,PSI,reference:morris
50,label,1.0,state,reference:morris
51,pipe_pressure,-0.0,PSI,reference:morris
51,label,1.0,state,reference:morris
52,pipe_pressure,5.76266e-10,PSI,reference:morris
52,label,1.0,state,reference:morris
53,pipe_pressure,999.0,PSI,reference:morris
53,label,1.0,state,reference:morris
54,pipe_pressure,-0.0,PSI,reference:morris
54,label,1.0,state,reference:morris
55,pipe_pressure,-0.0,PSI,reference:morris
55,label,1.0,state,reference:morris
56,pipe_pressure,2.90884e-15,PSI,reference:morris
56,label,1.0,state,reference:morris
57,pipe_pressure,-0.0,PSI,reference:morris
57,label,1.0,state,reference:morris
58,pipe_pressure,-0.0,PSI,reference:morris
58,label,1.0,state,reference:morris
59,pipe_pressure,999.0,PSI,reference:morris
59,label,1.0,state,reference:morris
60,pipe_pressure,5.76267e-10,PSI,reference:morris
60,label,1.0,state,reference:morris
61,pipe_pressure,0.505747,PSI,reference:morris
61,label,0.0,state,reference:morris
62,pipe_pressure,0.54023,PSI,reference:morris
62,label,0.0,state,reference:morris
63,pipe_pressure,0.517241,PSI,reference:morris
63,label,0.0,state,reference:morris
64,pipe_pressure,0.517241,PSI,reference:morris
64,label,0.0,state,reference:morris
65,pipe_pressure,0.505747,PSI,reference:morris
65,label,0.0,state,reference:morris
66,pipe_pressure,0.494253,PSI,reference:morris
66,label,0.0,state,reference:morris
67,pipe_pressure,0.505747,PSI,reference:morris
67,label,0.0,state,reference:morris
68,pipe_pressure,0.517241,PSI,reference:morris
68,label,0.0,state,reference:morris
69,pipe_pressure,0.517241,PSI,reference:morris
69,label,0.0,state,reference:morris
70,pipe_pressure,0.528736,PSI,reference:morris
70,label,0.0,state,reference:morris
71,pipe_pressure,0.54023,PSI,reference:morris
71,label,0.0,state,reference:morris
72,pipe_pressure,0.54023,PSI,reference:morris
72,label,0.0,state,reference:morris
73,pipe_pressure,0.505747,PSI,reference:morris
73,label,0.0,state,reference:morris
74,pipe_pressure,0.528736,PSI,reference:morris
74,label,0.0,state,reference:morris
75,pipe_pressure,0.494253,PSI,reference:morris
75,label,0.0,state,reference:morris
76,pipe_pressure,0.54023,PSI,reference:morris
76,label,0.0,state,reference:morris
77,pipe_pressure,0.505747,PSI,reference:morris
77,label,0.0,state,reference:morris
78,pipe_pressure,0.517241,PSI,reference:morris
78,label,0.0,state,reference:morris
79,pipe_pressure,0.517241,PSI,reference:morris
79,label,0.0,state,reference:morris
80,pipe_pressure,0.517241,PSI,reference:morris
80,label,0.0,state,reference:morris
81,pipe_pressure,0.517241,PSI,reference:morris
81,label,0.0,state,reference:morris
82,pipe_pressure,0.54023,PSI,reference:morris
82,label,0.0,state,reference:morris
83,pipe_pressure,0.54023,PSI,reference:morris
83,label,0.0,state,reference:morris
84,pipe_pressure,0.505747,PSI,reference:morris
84,label,0.0,state,reference:morris
85,pipe_pressure,0.54023,PSI,reference:morris
85,label,0.0,state,reference:morris
86,pipe_pressure,0.528736,PSI,reference:morris
86,label,0.0,state,reference:morris
87,pipe_pressure,0.517241,PSI,reference:morris
87,label,0.0,state,reference:morris
88,pipe_pressure,0.505747,PSI,reference:morris
88,label,0.0,state,reference:morris
89,pipe_pressure,0.54023,PSI,reference:morris
89,label,0.0,state,reference:morris
90,pipe_pressure,0.54023,PSI,reference:morris
90,label,0.0,state,reference:morris
91,pipe_pressure,0.528736,PSI,reference:morris
91,label,0.0,state,reference:morris
92,pipe_pressure,0.528736,PSI,reference:morris
92,label,0.0,state,reference:morris
93,pipe_pressure,0.528736,PSI,reference:morris
93,label,0.0,state,reference:morris
94,pipe_pressure,0.54023,PSI,reference:morris
94,label,0.0,state,reference:morris
95,pipe_pressure,0.517241,PSI,reference:morris
95,label,0.0,state,reference:morris
96,pipe_pressure,0.517241,PSI,reference:morris
96,label,0.0,state,reference:morris
97,pipe_pressure,0.528736,PSI,reference:morris
97,label,0.0,state,reference:morris
98,pipe_pressure,0.505747,PSI,reference:morris
98,label,0.0,state,reference:morris
99,pipe_pressure,0.517241,PSI,reference:morris
99,label,0.0,state,reference:morris
100,pipe_pressure,0.482759,PSI,reference:morris
100,label,0.0,state,reference:morris
101,pipe_pressure,0.517241,PSI,reference:morris
101,label,0.0,state,reference:morris
102,pipe_pressure,0.517241,PSI,reference:morris
102,label,0.0,state,reference:morris
103,pipe_pressure,0.528736,PSI,reference:morris
103,label,0.0,state,reference:morris
104,pipe_pressure,0.528736,PSI,reference:morris
104,label,0.0,state,reference:morris
105,pipe_pressure,0.528736,PSI,reference:morris
105,label,0.0,state,reference:morris
106,pipe_pressure,0.517241,PSI,reference:morris
106,label,0.0,state,reference:morris
107,pipe_pressure,0.517241,PSI,reference:morris
107,label,0.0,state,reference:morris
108,pipe_pressure,0.505747,PSI,reference:morris
108,label,0.0,state,reference:morris
109,pipe_pressure,0.517241,PSI,reference:morris
109,label,0.0,state,reference:morris
110,pipe_pressure,0.528736,PSI,reference:morris
110,label,0.0,state,reference:morris
111,pipe_pressure,0.54023,PSI,reference:morris
111,label,0.0,state,reference:morris
112,pipe_pressure,0.54023,PSI,reference:morris
112,label,0.0,state,reference:morris
113,pipe_pressure,0.528736,PSI,reference:morris
113,label,0.0,state,reference:morris
114,pipe_pressure,0.54023,PSI,reference:morris
114,label,0.0,state,reference:morris
115,pipe_pressure,0.54023,PSI,reference:morris
115,label,0.0,state,reference:morris
116,pipe_pressure,0.54023,PSI,reference:morris
116,label,0.0,state,reference:morris
117,pipe_pressure,0.528736,PSI,reference:morris
117,label,0.0,state,reference:morris
118,pipe_pressure,0.505747,PSI,reference:morris
118,label,0.0,state,reference:morris
119,pipe_pressure,0.517241,PSI,reference:morris
119,label,0.0,state,reference:morris
120,pipe_pressure,0.505747,PSI,reference:morris
120,label,0.0,state,reference:morris
121,pipe_pressure,0.528736,PSI,reference:morris
121,label,0.0,state,reference:morris
122,pipe_pressure,0.528736,PSI,reference:morris
122,label,0.0,state,reference:morris
123,pipe_pressure,0.54023,PSI,reference:morris
123,label,0.0,state,reference:morris
124,pipe_pressure,0.528736,PSI,reference:morris
124,label,0.0,state,reference:morris
125,pipe_pressure,0.505747,PSI,reference:morris
125,label,0.0,state,reference:morris
126,pipe_pressure,0.528736,PSI,reference:morris
126,label,0.0,state,reference:morris
127,pipe_pressure,0.528736,PSI,reference:morris
127,label,0.0,state,reference:morris
128,pipe_pressure,0.528736,PSI,reference:morris
128,label,0.0,state,reference:morris
129,pipe_pressure,0.528736,PSI,reference:morris
129,label,0.0,state,reference:morris
130,pipe_pressure,-0.0,PSI,reference:morris
130,label,1.0,state,reference:morris
131,pipe_pressure,-0.0,PSI,reference:morris
131,label,1.0,state,reference:morris
132,pipe_pressure,-0.0,PSI,reference:morris
132,label,1.0,state,reference:morris
133,pipe_pressure,-0.0,PSI,reference:morris
133,label,1.0,state,reference:morris
134,pipe_pressure,-0.0,PSI,reference:morris
134,label,1.0,state,reference:morris
135,pipe_pressure,-0.0,PSI,reference:morris
135,label,1.0,state,reference:morris
136,pipe_pressure,-0.0,PSI,reference:morris
136,label,1.0,state,reference:morris
137,pipe_pressure,-0.0,PSI,reference:morris
137,label,1.0,state,reference:morris
138,pipe_pressure,-0.0,PSI,reference:morris
138,label,1.0,state,reference:morris
139,pipe_pressure,-0.0,PSI,reference:morris
139,label,1.0,state,reference:morris
140,pipe_pressure,-0.0,PSI,reference:morris
140,label,1.0,state,reference:morris
141,pipe_pressure,-0.0,PSI,reference:morris
141,label,1.0,state,reference:morris
142,pipe_pressure,-0.0,PSI,reference:morris
142,label,1.0,state,reference:morris
143,pipe_pressure,-0.0,PSI,reference:morris
143,label,1.0,state,reference:morris
144,pipe_pressure,-0.0,PSI,reference:morris
144,label,1.0,state,reference:morris
145,pipe_pressure,-0.0,PSI,reference:morris
145,label,1.0,state,reference:morris
146,pipe_pressure,-0.0,PSI,reference:morris
146,label,1.0,state,reference:morris
147,pipe_pressure,-0.0,PSI,reference:morris
147,label,1.0,state,reference:morris
148,pipe_pressure,-0.0,PSI,reference:morris
148,label,1.0,state,reference:morris
149,pipe_pressure,-0.0,PSI,reference:morris
149,label,1.0,state,reference:morris
150,pipe_pressure,-0.0,PSI,reference:morris
150,label,1.0,state,reference:morris
151,pipe_pressure,-0.0,PSI,reference:morris
151,label,1.0,state,reference:morris
152,pipe_pressure,-0.0,PSI,reference:morris
152,label,1.0,state,reference:morris
153,pipe_pressure,-0.0,PSI,reference:morris
153,label,1.0,state,reference:morris
154,pipe_pressure,-0.0,PSI,reference:morris
154,label,1.0,state,reference:morris
155,pipe_pressure,-0.0,PSI,reference:morris
155,label,1.0,state,reference:morris
156,pipe_pressure,-0.0,PSI,reference:morris
156,label,1.0,state,reference:morris
157,pipe_pressure,-0.0,PSI,reference:morris
157,label,1.0,state,reference:morris
158,pipe_pressure,0.54023,PSI,reference:morris
158,label,0.0,state,reference:morris
159,pipe_pressure,0.505747,PSI,reference:morris
159,label,0.0,state,reference:morris
160,pipe_pressure,0.54023,PSI,reference:morris
160,label,0.0,state,reference:morris
161,pipe_pressure,0.54023,PSI,reference:morris
161,label,0.0,state,reference:morris
162,pipe_pressure,0.517241,PSI,reference:morris
162,label,0.0,state,reference:morris
163,pipe_pressure,0.54023,PSI,reference:morris
163,label,0.0,state,reference:morris
164,pipe_pressure,0.54023,PSI,reference:morris
164,label,0.0,state,reference:morris
165,pipe_pressure,0.517241,PSI,reference:morris
165,label,0.0,state,reference:morris
166,pipe_pressure,0.54023,PSI,reference:morris
166,label,0.0,state,reference:morris
167,pipe_pressure,0.551724,PSI,reference:morris
167,label,0.0,state,reference:morris
168,pipe_pressure,0.528736,PSI,reference:morris
168,label,0.0,state,reference:morris
169,pipe_pressure,0.528736,PSI,reference:morris
169,label,0.0,state,reference:morris
170,pipe_pressure,0.551724,PSI,reference:morris
170,label,0.0,state,reference:morris
171,pipe_pressure,0.517241,PSI,reference:morris
171,label,0.0,state,reference:morris
172,pipe_pressure,0.551724,PSI,reference:morris
172,label,0.0,state,reference:morris
173,pipe_pressure,0.551724,PSI,reference:morris
173,label,0.0,state,reference:morris
174,pipe_pressure,0.551724,PSI,reference:morris
174,label,0.0,state,reference:morris
175,pipe_pressure,0.54023,PSI,reference:morris
175,label,0.0,state,reference:morris
176,pipe_pressure,0.528736,PSI,reference:morris
176,label,0.0,state,reference:morris
177,pipe_pressure,0.54023,PSI,reference:morris
177,label,0.0,state,reference:morris
178,pipe_pressure,0.551724,PSI,reference:morris
178,label,0.0,state,reference:morris
179,pipe_pressure,0.551724,PSI,reference:morris
179,label,0.0,state,reference:morris
180,pipe_pressure,0.528736,PSI,reference:morris
180,label,0.0,state,reference:morris
181,pipe_pressure,0.528736,PSI,reference:morris
181,label,0.0,state,reference:morris
182,pipe_pressure,0.551724,PSI,reference:morris
182,label,0.0,state,reference:morris
183,pipe_pressure,0.551724,PSI,reference:morris
183,label,0.0,state,reference:morris
184,pipe_pressure,0.551724,PSI,reference:morris
184,label,0.0,state,reference:morris
185,pipe_pressure,0.551724,PSI,reference:morris
185,label,0.0,state,reference:morris
186,pipe_pressure,0.54023,PSI,reference:morris
186,label,0.0,state,reference:morris
187,pipe_pressure,8.07759,PSI,reference:morris
187,label,1.0,state,reference:morris
188,pipe_pressure,0.126268,PSI,reference:morris
188,label,1.0,state,reference:morris
189,pipe_pressure,8.07759,PSI,reference:morris
189,label,1.0,state,reference:morris
190,pipe_pressure,0.128222,PSI,reference:morris
190,label,1.0,state,reference:morris
191,pipe_pressure,8.08477,PSI,reference:morris
191,label,1.0,state,reference:morris
192,pipe_pressure,0.130175,PSI,reference:morris
192,label,1.0,state,reference:morris
193,pipe_pressure,8.08836,PSI,reference:morris
193,label,1.0,state,reference:morris
194,pipe_pressure,0.132128,PSI,reference:morris
194,label,1.0,state,reference:morris
195,pipe_pressure,8.08118,PSI,reference:morris
195,label,1.0,state,reference:morris
196,pipe_pressure,0.134025,PSI,reference:morris
196,label,1.0,state,reference:morris
197,pipe_pressure,8.07759,PSI,reference:morris
197,label,1.0,state,reference:morris
198,pipe_pressure,0.136034,PSI,reference:morris
198,label,1.0,state,reference:morris
199,pipe_pressure,8.07759,PSI,reference:morris
199,label,1.0,state,reference:morris
200,pipe_pressure,0.137987,PSI,reference:morris
200,label,1.0,state,reference:morris
201,pipe_pressure,8.08118,PSI,reference:morris
201,label,1.0,state,reference:morris
202,pipe_pressure,0.139884,PSI,reference:morris
202,label,1.0,state,reference:morris
203,pipe_pressure,8.08477,PSI,reference:morris
203,label,1.0,state,reference:morris
204,pipe_pressure,0.141893,PSI,reference:morris
204,label,1.0,state,reference:morris
205,pipe_pressure,0.551724,PSI,reference:morris
205,label,0.0,state,reference:morris
206,pipe_pressure,0.54023,PSI,reference:morris
206,label,0.0,state,reference:morris
207,pipe_pressure,0.528736,PSI,reference:morris
207,label,0.0,state,reference:morris
208,pipe_pressure,0.528736,PSI,reference:morris
208,label,0.0,state,reference:morris
209,pipe_pressure,0.528736,PSI,reference:morris
209,label,0.0,state,reference:morris
210,pipe_pressure,0.54023,PSI,reference:morris
210,label,0.0,state,reference:morris
211,pipe_pressure,0.517241,PSI,reference:morris
211,label,0.0,state,reference:morris
212,pipe_pressure,0.54023,PSI,reference:morris
212,label,0.0,state,reference:morris
213,pipe_pressure,0.528736,PSI,reference:morris
213,label,0.0,state,reference:morris
214,pipe_pressure,0.517241,PSI,reference:morris
214,label,0.0,state,reference:morris
215,pipe_pressure,0.505747,PSI,reference:morris
215,label,0.0,state,reference:morris
216,pipe_pressure,0.551724,PSI,reference:morris
216,label,0.0,state,reference:morris
217,pipe_pressure,0.551724,PSI,reference:morris
217,label,0.0,state,reference:morris
218,pipe_pressure,0.528736,PSI,reference:morris
218,label,0.0,state,reference:morris
219,pipe_pressure,0.54023,PSI,reference:morris
219,label,0.0,state,reference:morris
220,pipe_pressure,0.505747,PSI,reference:morris
220,label,0.0,state,reference:morris
221,pipe_pressure,0.528736,PSI,reference:morris
221,label,0.0,state,reference:morris
222,pipe_pressure,0.517241,PSI,reference:morris
222,label,0.0,state,reference:morris
223,pipe_pressure,0.54023,PSI,reference:morris
223,label,0.0,state,reference:morris
224,pipe_pressure,0.528736,PSI,reference:morris
224,label,0.0,state,reference:morris
225,pipe_pressure,0.551724,PSI,reference:morris
225,label,0.0,state,reference:morris
226,pipe_pressure,0.528736,PSI,reference:morris
226,label,0.0,state,reference:morris
227,pipe_pressure,0.54023,PSI,reference:morris
227,label,0.0,state,reference:morris
228,pipe_pressure,0.54023,PSI,reference:morris
228,label,0.0,state,reference:morris
229,pipe_pressure,0.54023,PSI,reference:morris
229,label,0.0,state,reference:morris
230,pipe_pressure,0.528736,PSI,reference:morris
230,label,0.0,state,reference:morris
231,pipe_pressure,0.551724,PSI,reference:morris
231,label,0.0,state,reference:morris
232,pipe_pressure,0.54023,PSI,reference:morris
232,label,0.0,state,reference:morris
233,pipe_pressure,0.528736,PSI,reference:morris
233,label,0.0,state,reference:morris
234,pipe_pressure,0.54023,PSI,reference:morris
234,label,0.0,state,reference:morris
235,pipe_pressure,0.54023,PSI,reference:morris
235,label,0.0,state,reference:morris
236,pipe_pressure,0.54023,PSI,reference:morris
236,label,0.0,state,reference:morris
237,pipe_pressure,0.517241,PSI,reference:morris
237,label,0.0,state,reference:morris
238,pipe_pressure,0.54023,PSI,reference:morris
238,label,0.0,state,reference:morris
239,pipe_pressure,0.54023,PSI,reference:morris
239,label,0.0,state,reference:morris
240,pipe_pressure,0.528736,PSI,reference:morris
240,label,0.0,state,reference:morris
241,pipe_pressure,0.528736,PSI,reference:morris
241,label,0.0,state,reference:morris
242,pipe_pressure,0.517241,PSI,reference:morris
242,label,0.0,state,reference:morris
243,pipe_pressure,0.54023,PSI,reference:morris
243,label,0.0,state,reference:morris
244,pipe_pressure,0.528736,PSI,reference:morris
244,label,0.0,state,reference:morris
245,pipe_pressure,0.54023,PSI,reference:morris
245,label,0.0,state,reference:morris
246,pipe_pressure,0.54023,PSI,reference:morris
246,label,0.0,state,reference:morris
247,pipe_pressure,0.551724,PSI,reference:morris
247,label,0.0,state,reference:morris
248,pipe_pressure,0.551724,PSI,reference:morris
248,label,0.0,state,reference:morris
249,pipe_pressure,0.54023,PSI,reference:morris
249,label,0.0,state,reference:morris
250,pipe_pressure,0.551724,PSI,reference:morris
250,label,0.0,state,reference:morris
251,pipe_pressure,0.551724,PSI,reference:morris
251,label,0.0,state,reference:morris
252,pipe_pressure,0.54023,PSI,reference:morris
252,label,0.0,state,reference:morris
253,pipe_pressure,0.528736,PSI,reference:morris
253,label,0.0,state,reference:morris
254,pipe_pressure,0.517241,PSI,reference:morris
254,label,0.0,state,reference:morris
255,pipe_pressure,0.551724,PSI,reference:morris
255,label,0.0,state,reference:morris
256,pipe_pressure,0.551724,PSI,reference:morris
256,label,0.0,state,reference:morris
257,pipe_pressure,0.54023,PSI,reference:morris
257,label,0.0,state,reference:morris
258,pipe_pressure,0.551724,PSI,reference:morris
258,label,0.0,state,reference:morris
259,pipe_pressure,0.517241,PSI,reference:morris
259,label,0.0,state,reference:morris
260,pipe_pressure,0.551724,PSI,reference:morris
260,label,0.0,state,reference:morris
261,pipe_pressure,0.551724,PSI,reference:morris
261,label,0.0,state,reference:morris
262,pipe_pressure,0.528736,PSI,reference:morris
262,label,0.0,state,reference:morris
263,pipe_pressure,0.528736,PSI,reference:morris
263,label,0.0,state,reference:morris
264,pipe_pressure,0.551724,PSI,reference:morris
264,label,0.0,state,reference:morris
265,pipe_pressure,0.563218,PSI,reference:morris
265,label,0.0,state,reference:morris
266,pipe_pressure,0.551724,PSI,reference:morris
266,label,0.0,state,reference:morris
267,pipe_pressure,0.54023,PSI,reference:morris
267,label,0.0,state,reference:morris
268,pipe_pressure,0.551724,PSI,reference:morris
268,label,0.0,state,reference:morris
269,pipe_pressure,0.551724,PSI,reference:morris
269,label,0.0,state,reference:morris
270,pipe_pressure,0.551724,PSI,reference:morris
270,label,0.0,state,reference:morris
271,pipe_pressure,0.551724,PSI,reference:morris
271,label,0.0,state,reference:morris
272,pipe_pressure,0.54023,PSI,reference:morris
272,label,0.0,state,reference:morris
273,pipe_pressure,0.528736,PSI,reference:morris
273,label,0.0,state,reference:morris
274,pipe_pressure,0.551724,PSI,reference:morris
274,label,0.0,state,reference:morris
275,pipe_pressure,0.551724,PSI,reference:morris
275,label,0.0,state,reference:morris
276,pipe_pressure,0.551724,PSI,reference:morris
276,label,0.0,state,reference:morris
277,pipe_pressure,0.551724,PSI,reference:morris
277,label,0.0,state,reference:morris
278,pipe_pressure,0.551724,PSI,reference:morris
278,label,0.0,state,reference:morris
279,pipe_pressure,0.551724,PSI,reference:morris
279,label,0.0,state,reference:morris
280,pipe_pressure,0.551724,PSI,reference:morris
280,label,0.0,state,reference:morris
281,pipe_pressure,0.551724,PSI,reference:morris
281,label,0.0,state,reference:morris
282,pipe_pressure,0.54023,PSI,reference:morris
282,label,0.0,state,reference:morris
283,pipe_pressure,0.551724,PSI,reference:morris
283,label,0.0,state,reference:morris
284,pipe_pressure,0.551724,PSI,reference:morris
284,label,0.0,state,reference:morris
285,pipe_pressure,0.54023,PSI,reference:morris
285,label,0.0,state,reference:morris
286,pipe_pressure,0.528736,PSI,reference:morris
286,label,0.0,state,reference:morris
287,pipe_pressure,0.54023,PSI,reference:morris
287,label,0.0,state,reference:morris
288,pipe_pressure,0.528736,PSI,reference:morris
288,label,0.0,state,reference:morris
289,pipe_pressure,0.551724,PSI,reference:morris
289,label,0.0,state,reference:morris
290,pipe_pressure,0.551724,PSI,reference:morris
290,label,0.0,state,reference:morris
291,pipe_pressure,0.54023,PSI,reference:morris
291,label,0.0,state,reference:morris
292,pipe_pressure,0.54023,PSI,reference:morris
292,label,0.0,state,reference:morris
293,pipe_pressure,0.551724,PSI,reference:morris
293,label,0.0,state,reference:morris
294,pipe_pressure,0.551724,PSI,reference:morris
294,label,0.0,state,reference:morris
295,pipe_pressure,0.551724,PSI,reference:morris
295,label,0.0,state,reference:morris
296,pipe_pressure,0.517241,PSI,reference:morris
296,label,0.0,state,reference:morris
297,pipe_pressure,0.528736,PSI,reference:morris
297,label,0.0,state,reference:morris
298,pipe_pressure,0.54023,PSI,reference:morris
298,label,0.0,state,reference:morris
299,pipe_pressure,0.551724,PSI,reference:morris
299,label,0.0,state,reference:morris
300,pipe_pressure,0.54023,PSI,reference:morris
300,label,0.0,state,reference:morris
301,pipe_pressure,0.528736,PSI,reference:morris
301,label,0.0,state,reference:morris
302,pipe_pressure,0.551724,PSI,reference:morris
302,label,0.0,state,reference:morris
303,pipe_pressure,0.551724,PSI,reference:morris
303,label,0.0,state,reference:morris
304,pipe_pressure,0.528736,PSI,reference:morris
304,label,0.0,state,reference:morris
305,pipe_pressure,0.551724,PSI,reference:morris
305,label,0.0,state,reference:morris
306,pipe_pressure,0.54023,PSI,reference:morris
306,label,0.0,state,reference:morris
307,pipe_pressure,0.528736,PSI,reference:morris
307,label,0.0,state,reference:morris
308,pipe_pressure,0.563218,PSI,reference:morris
308,label,0.0,state,reference:morris
309,pipe_pressure,0.551724,PSI,reference:morris
309,label,0.0,state,reference:morris
310,pipe_pressure,0.54023,PSI,reference:morris
310,label,0.0,state,reference:morris
311,pipe_pressure,0.563218,PSI,reference:morris
311,label,0.0,state,reference:morris
312,pipe_pressure,0.563218,PSI,reference:morris
312,label,0.0,state,reference:morris
313,pipe_pressure,0.563218,PSI,reference:morris
313,label,0.0,state,reference:morris
314,pipe_pressure,0.563218,PSI,reference:morris
314,label,0.0,state,reference:morris
315,pipe_pressure,0.563218,PSI,reference:morris
315,label,0.0,state,reference:morris
316,pipe_pressure,0.54023,PSI,reference:morris
316,label,0.0,state,reference:morris
317,pipe_pressure,0.528736,PSI,reference:morris
317,label,0.0,state,reference:morris
318,pipe_pressure,0.551724,PSI,reference:morris
318,label,0.0,state,reference:morris
319,pipe_pressure,0.551724,PSI,reference:morris
319,label,0.0,state,reference:morris
320,pipe_pressure,0.551724,PSI,reference:morris
320,label,0.0,state,reference:morris
321,pipe_pressure,0.551724,PSI,reference:morris
321,label,0.0,state,reference:morris
322,pipe_pressure,0.551724,PSI,reference:morris
322,label,0.0,state,reference:morris
323,pipe_pressure,0.563218,PSI,reference:morris
323,label,0.0,state,reference:morris
324,pipe_pressure,0.574713,PSI,reference:morris
324,label,0.0,state,reference:morris
325,pipe_pressure,0.574713,PSI,reference:morris
325,label,0.0,state,reference:morris
326,pipe_pressure,0.551724,PSI,reference:morris
326,label,0.0,state,reference:morris
327,pipe_pressure,0.574713,PSI,reference:morris
327,label,0.0,state,reference:morris
328,pipe_pressure,0.551724,PSI,reference:morris
328,label,0.0,state,reference:morris
329,pipe_pressure,0.574713,PSI,reference:morris
329,label,0.0,state,reference:morris
330,pipe_pressure,0.551724,PSI,reference:morris
330,label,0.0,state,reference:morris
331,pipe_pressure,0.551724,PSI,reference:morris
331,label,0.0,state,reference:morris
332,pipe_pressure,0.563218,PSI,reference:morris
332,label,0.0,state,reference:morris
333,pipe_pressure,0.574713,PSI,reference:morris
333,label,0.0,state,reference:morris
334,pipe_pressure,0.563218,PSI,reference:morris
334,label,0.0,state,reference:morris
335,pipe_pressure,0.551724,PSI,reference:morris
335,label,0.0,state,reference:morris
336,pipe_pressure,0.551724,PSI,reference:morris
336,label,0.0,state,reference:morris
337,pipe_pressure,0.54023,PSI,reference:morris
337,label,0.0,state,reference:morris
338,pipe_pressure,0.563218,PSI,reference:morris
338,label,0.0,state,reference:morris
339,pipe_pressure,0.563218,PSI,reference:morris
339,label,0.0,state,reference:morris
340,pipe_pressure,0.563218,PSI,reference:morris
340,label,0.0,state,reference:morris
341,pipe_pressure,0.563218,PSI,reference:morris
341,label,0.0,state,reference:morris
342,pipe_pressure,0.551724,PSI,reference:morris
342,label,0.0,state,reference:morris
343,pipe_pressure,0.563218,PSI,reference:morris
343,label,0.0,state,reference:morris
344,pipe_pressure,0.551724,PSI,reference:morris
344,label,0.0,state,reference:morris
345,pipe_pressure,0.563218,PSI,reference:morris
345,label,0.0,state,reference:morris
346,pipe_pressure,0.563218,PSI,reference:morris
346,label,0.0,state,reference:morris
347,pipe_pressure,0.551724,PSI,reference:morris
347,label,0.0,state,reference:morris
348,pipe_pressure,0.551724,PSI,reference:morris
348,label,0.0,state,reference:morris
349,pipe_pressure,0.563218,PSI,reference:morris
349,label,0.0,state,reference:morris
350,pipe_pressure,0.551724,PSI,reference:morris
350,label,0.0,state,reference:morris
351,pipe_pressure,0.551724,PSI,reference:morris
351,label,0.0,state,reference:morris
352,pipe_pressure,0.551724,PSI,reference:morris
352,label,0.0,state,reference:morris
353,pipe_pressure,0.586207,PSI,reference:morris
353,label,0.0,state,reference:morris
354,pipe_pressure,0.551724,PSI,reference:morris
354,label,0.0,state,reference:morris
355,pipe_pressure,0.54023,PSI,reference:morris
355,label,0.0,state,reference:morris
356,pipe_pressure,0.563218,PSI,reference:morris
356,label,0.0,state,reference:morris
357,pipe_pressure,0.563218,PSI,reference:morris
357,label,0.0,state,reference:morris
358,pipe_pressure,0.551724,PSI,reference:morris
358,label,0.0,state,reference:morris
359,pipe_pressure,0.54023,PSI,reference:morris
359,label,0.0,state,reference:morris
360,pipe_pressure,0.551724,PSI,reference:morris
360,label,0.0,state,reference:morris
361,pipe_pressure,0.54023,PSI,reference:morris
361,label,0.0,state,reference:morris
362,pipe_pressure,0.551724,PSI,reference:morris
362,label,0.0,state,reference:morris
363,pipe_pressure,0.551724,PSI,reference:morris
363,label,0.0,state,reference:morris
364,pipe_pressure,0.528736,PSI,reference:morris
364,label,0.0,state,reference:morris
365,pipe_pressure,0.551724,PSI,reference:morris
365,label,0.0,state,reference:morris
366,pipe_pressure,0.54023,PSI,reference:morris
366,label,0.0,state,reference:morris
367,pipe_pressure,0.551724,PSI,reference:morris
367,label,0.0,state,reference:morris
368,pipe_pressure,0.54023,PSI,reference:morris
368,label,0.0,state,reference:morris
369,pipe_pressure,0.551724,PSI,reference:morris
369,label,0.0,state,reference:morris
370,pipe_pressure,0.54023,PSI,reference:morris
370,label,0.0,state,reference:morris
371,pipe_pressure,0.551724,PSI,reference:morris
371,label,0.0,state,reference:morris
372,pipe_pressure,0.551724,PSI,reference:morris
372,label,0.0,state,reference:morris
373,pipe_pressure,0.54023,PSI,reference:morris
373,label,0.0,state,reference:morris
374,pipe_pressure,0.551724,PSI,reference:morris
374,label,0.0,state,reference:morris
375,pipe_pressure,0.754849,PSI,reference:morris
375,label,1.0,state,reference:morris
376,pipe_pressure,1.93112,PSI,reference:morris
376,label,1.0,state,reference:morris
377,pipe_pressure,1.93894,PSI,reference:morris
377,label,1.0,state,reference:morris
378,pipe_pressure,1.94765,PSI,reference:morris
378,label,1.0,state,reference:morris
379,pipe_pressure,1.95501,PSI,reference:morris
379,label,1.0,state,reference:morris
380,pipe_pressure,1.96327,PSI,reference:morris
380,label,1.0,state,reference:morris
381,pipe_pressure,1.96974,PSI,reference:morris
381,label,1.0,state,reference:morris
382,pipe_pressure,1.9789,PSI,reference:morris
382,label,1.0,state,reference:morris
383,pipe_pressure,1.98626,PSI,reference:morris
383,label,1.0,state,reference:morris
384,pipe_pressure,1.99362,PSI,reference:morris
384,label,1.0,state,reference:morris
385,pipe_pressure,0.5044,PSI,reference:morris
385,label,1.0,state,reference:morris
386,pipe_pressure,0.508755,PSI,reference:morris
386,label,1.0,state,reference:morris
387,pipe_pressure,0.512662,PSI,reference:morris
387,label,1.0,state,reference:morris
388,pipe_pressure,0.517017,PSI,reference:morris
388,label,1.0,state,reference:morris
389,pipe_pressure,0.52025,PSI,reference:morris
389,label,1.0,state,reference:morris
390,pipe_pressure,0.54023,PSI,reference:morris
390,label,0.0,state,reference:morris
391,pipe_pressure,0.563218,PSI,reference:morris
391,label,0.0,state,reference:morris
392,pipe_pressure,0.563218,PSI,reference:morris
392,label,0.0,state,reference:morris
393,pipe_pressure,0.563218,PSI,reference:morris
393,label,0.0,state,reference:morris
394,pipe_pressure,0.551724,PSI,reference:morris
394,label,0.0,state,reference:morris
395,pipe_pressure,0.54023,PSI,reference:morris
395,label,0.0,state,reference:morris
396,pipe_pressure,0.551724,PSI,reference:morris
396,label,0.0,state,reference:morris
397,pipe_pressure,0.551724,PSI,reference:morris
397,label,0.0,state,reference:morris
398,pipe_pressure,0.551724,PSI,reference:morris
398,label,0.0,state,reference:morris
399,pipe_pressure,0.551724,PSI,reference:morris
399,label,0.0,state,reference:morris
400,pipe_pressure,0.551724,PSI,reference:morris
400,label,0.0,state,reference:morris
401,pipe_pressure,0.551724,PSI,reference:morris
401,label,0.0,state,reference:morris
402,pipe_pressure,0.551724,PSI,reference:morris
402,label,0.0,state,reference:morris
403,pipe_pressure,0.563218,PSI,reference:morris
403,label,0.0,state,reference:morris
404,pipe_pressure,0.551724,PSI,reference:morris
404,label,0.0,state,reference:morris
405,pipe_pressure,0.551724,PSI,reference:morris
405,label,0.0,state,reference:morris
406,pipe_pressure,0.551724,PSI,reference:morris
406,label,0.0,state,reference:morris
407,pipe_pressure,0.528736,PSI,reference:morris
407,label,0.0,state,reference:morris
408,pipe_pressure,0.551724,PSI,reference:morris
408,label,0.0,state,reference:morris
409,pipe_pressure,0.563218,PSI,reference:morris
409,label,0.0,state,reference:morris
410,pipe_pressure,0.54023,PSI,reference:morris
410,label,0.0,state,reference:morris
411,pipe_pressure,0.54023,PSI,reference:morris
411,label,0.0,state,reference:morris
412,pipe_pressure,0.551724,PSI,reference:morris
412,label,0.0,state,reference:morris
413,pipe_pressure,0.551724,PSI,reference:morris
413,label,0.0,state,reference:morris
414,pipe_pressure,0.54023,PSI,reference:morris
414,label,0.0,state,reference:morris
415,pipe_pressure,0.551724,PSI,reference:morris
415,label,0.0,state,reference:morris
416,pipe_pressure,0.54023,PSI,reference:morris
416,label,0.0,state,reference:morris
417,pipe_pressure,0.551724,PSI,reference:morris
417,label,0.0,state,reference:morris
418,pipe_pressure,0.551724,PSI,reference:morris
418,label,0.0,state,reference:morris
419,pipe_pressure,0.563218,PSI,reference:morris
419,label,0.0,state,reference:morris
420,pipe_pressure,-0.0,PSI,reference:morris
420,label,1.0,state,reference:morris
421,pipe_pressure,-0.0,PSI,reference:morris
421,label,1.0,state,reference:morris
422,pipe_pressure,0.0,PSI,reference:morris
422,label,1.0,state,reference:morris
423,pipe_pressure,1.0,PSI,reference:morris
423,label,1.0,state,reference:morris
424,pipe_pressure,999.0,PSI,reference:morris
424,label,1.0,state,reference:morris
425,pipe_pressure,-0.0,PSI,reference:morris
425,label,1.0,state,reference:morris
426,pipe_pressure,-0.0,PSI,reference:morris
426,label,1.0,state,reference:morris
427,pipe_pressure,0.0625,PSI,reference:morris
427,label,1.0,state,reference:morris
428,pipe_pressure,999.0,PSI,reference:morris
428,label,1.0,state,reference:morris
429,pipe_pressure,-0.0,PSI,reference:morris
429,label,1.0,state,reference:morris
430,pipe_pressure,-0.0,PSI,reference:morris
430,label,1.0,state,reference:morris
431,pipe_pressure,0.00390625,PSI,reference:morris
431,label,1.0,state,reference:morris
432,pipe_pressure,-0.0,PSI,reference:morris
432,label,1.0,state,reference:morris
433,pipe_pressure,-0.0,PSI,reference:morris
433,label,1.0,state,reference:morris
434,pipe_pressure,999.0,PSI,reference:morris
434,label,1.0,state,reference:morris
435,pipe_pressure,0.0625,PSI,reference:morris
435,label,1.0,state,reference:morris
436,pipe_pressure,-0.0,PSI,reference:morris
436,label,1.0,state,reference:morris
437,pipe_pressure,-0.0,PSI,reference:morris
437,label,1.0,state,reference:morris
438,pipe_pressure,999.0,PSI,reference:morris
438,label,1.0,state,reference:morris
439,pipe_pressure,1.0,PSI,reference:morris
439,label,1.0,state,reference:morris
440,pipe_pressure,0.0,PSI,reference:morris
440,label,1.0,state,reference:morris
441,pipe_pressure,-0.0,PSI,reference:morris
441,label,1.0,state,reference:morris
442,pipe_pressure,-0.0,PSI,reference:morris
442,label,1.0,state,reference:morris
443,pipe_pressure,16.0,PSI,reference:morris
443,label,1.0,state,reference:morris
444,pipe_pressure,0.551724,PSI,reference:morris
444,label,0.0,state,reference:morris
445,pipe_pressure,0.563218,PSI,reference:morris
445,label,0.0,state,reference:morris
446,pipe_pressure,0.563218,PSI,reference:morris
446,label,0.0,state,reference:morris
447,pipe_pressure,0.563218,PSI,reference:morris
447,label,0.0,state,reference:morris
448,pipe_pressure,0.563218,PSI,reference:morris
448,label,0.0,state,reference:morris
449,pipe_pressure,0.551724,PSI,reference:morris
449,label,0.0,state,reference:morris
450,pipe_pressure,0.551724,PSI,reference:morris
450,label,0.0,state,reference:morris
451,pipe_pressure,0.54023,PSI,reference:morris
451,label,0.0,state,reference:morris
452,pipe_pressure,0.563218,PSI,reference:morris
452,label,0.0,state,reference:morris
453,pipe_pressure,0.563218,PSI,reference:morris
453,label,0.0,state,reference:morris
454,pipe_pressure,0.574713,PSI,reference:morris
454,label,0.0,state,reference:morris
455,pipe_pressure,0.563218,PSI,reference:morris
455,label,0.0,state,reference:morris
456,pipe_pressure,0.54023,PSI,reference:morris
456,label,0.0,state,reference:morris
457,pipe_pressure,0.54023,PSI,reference:morris
457,label,0.0,state,reference:morris
458,pipe_pressure,0.54023,PSI,reference:morris
458,label,0.0,state,reference:morris
459,pipe_pressure,0.54023,PSI,reference:morris
459,label,0.0,state,reference:morris
460,pipe_pressure,0.551724,PSI,reference:morris
460,label,0.0,state,reference:morris
461,pipe_pressure,0.54023,PSI,reference:morris
461,label,0.0,state,reference:morris
462,pipe_pressure,0.54023,PSI,reference:morris
462,label,0.0,state,reference:morris
463,pipe_pressure,0.54023,PSI,reference:morris
463,label,0.0,state,reference:morris
464,pipe_pressure,0.551724,PSI,reference:morris
464,label,0.0,state,reference:morris
465,pipe_pressure,0.563218,PSI,reference:morris
465,label,0.0,state,reference:morris
466,pipe_pressure,0.563218,PSI,reference:morris
466,label,0.0,state,reference:morris
467,pipe_pressure,0.563218,PSI,reference:morris
467,label,0.0,state,reference:morris
468,pipe_pressure,0.563218,PSI,reference:morris
468,label,0.0,state,reference:morris
469,pipe_pressure,0.54023,PSI,reference:morris
469,label,0.0,state,reference:morris
470,pipe_pressure,0.528736,PSI,reference:morris
470,label,0.0,state,reference:morris
471,pipe_pressure,0.528736,PSI,reference:morris
471,label,0.0,state,reference:morris
472,pipe_pressure,0.551724,PSI,reference:morris
472,label,0.0,state,reference:morris
473,pipe_pressure,0.551724,PSI,reference:morris
473,label,0.0,state,reference:morris
474,pipe_pressure,0.551724,PSI,reference:morris
474,label,0.0,state,reference:morris
475,pipe_pressure,0.528736,PSI,reference:morris
475,label,0.0,state,reference:morris
476,pipe_pressure,0.528736,PSI,reference:morris
476,label,0.0,state,reference:morris
477,pipe_pressure,0.528736,PSI,reference:morris
477,label,0.0,state,reference:morris
478,pipe_pressure,0.551724,PSI,reference:morris
478,label,0.0,state,reference:morris
479,pipe_pressure,0.54023,PSI,reference:morris
479,label,0.0,state,reference:morris
480,pipe_pressure,0.54023,PSI,reference:morris
480,label,0.0,state,reference:morris
481,pipe_pressure,0.54023,PSI,reference:morris
481,label,0.0,state,reference:morris
482,pipe_pressure,0.551724,PSI,reference:morris
482,label,0.0,state,reference:morris
483,pipe_pressure,0.551724,PSI,reference:morris
483,label,0.0,state,reference:morris
484,pipe_pressure,0.551724,PSI,reference:morris
484,label,0.0,state,reference:morris
485,pipe_pressure,0.563218,PSI,reference:morris
485,label,0.0,state,reference:morris
486,pipe_pressure,0.551724,PSI,reference:morris
486,label,0.0,state,reference:morris
487,pipe_pressure,0.563218,PSI,reference:morris
487,label,0.0,state,reference:morris
488,pipe_pressure,0.574713,PSI,reference:morris
488,label,0.0,state,reference:morris
489,pipe_pressure,0.54023,PSI,reference:morris
489,label,0.0,state,reference:morris
490,pipe_pressure,0.54023,PSI,reference:morris
490,label,0.0,state,reference:morris
491,pipe_pressure,0.574713,PSI,reference:morris
491,label,0.0,state,reference:morris
492,pipe_pressure,0.551724,PSI,reference:morris
492,label,0.0,state,reference:morris
493,pipe_pressure,0.563218,PSI,reference:morris
493,label,0.0,state,reference:morris
494,pipe_pressure,0.563218,PSI,reference:morris
494,label,0.0,state,reference:morris
495,pipe_pressure,0.551724,PSI,reference:morris
495,label,0.0,state,reference:morris
496,pipe_pressure,0.551724,PSI,reference:morris
496,label,0.0,state,reference:morris
497,pipe_pressure,0.563218,PSI,reference:morris
497,label,0.0,state,reference:morris
498,pipe_pressure,0.574713,PSI,reference:morris
498,label,0.0,state,reference:morris
499,pipe_pressure,0.528736,PSI,reference:morris
499,label,0.0,state,reference:morris
500,pipe_pressure,0.551724,PSI,reference:morris
500,label,0.0,state,reference:morris
501,pipe_pressure,0.551724,PSI,reference:morris
501,label,0.0,state,reference:morris
502,pipe_pressure,0.551724,PSI,reference:morris
502,label,0.0,state,reference:morris
503,pipe_pressure,0.551724,PSI,reference:morris
503,label,0.0,state,reference:morris
504,pipe_pressure,0.551724,PSI,reference:morris
504,label,0.0,state,reference:morris
505,pipe_pressure,0.586207,PSI,reference:morris
505,label,0.0,state,reference:morris
506,pipe_pressure,0.551724,PSI,reference:morris
506,label,0.0,state,reference:morris
507,pipe_pressure,0.528736,PSI,reference:morris
507,label,0.0,state,reference:morris
508,pipe_pressure,0.551724,PSI,reference:morris
508,label,0.0,state,reference:morris
509,pipe_pressure,0.551724,PSI,reference:morris
509,label,0.0,state,reference:morris
510,pipe_pressure,0.574713,PSI,reference:morris
510,label,0.0,state,reference:morris
511,pipe_pressure,0.586207,PSI,reference:morris
511,label,0.0,state,reference:morris
512,pipe_pressure,0.586207,PSI,reference:morris
512,label,0.0,state,reference:morris
513,pipe_pressure,0.574713,PSI,reference:morris
513,label,0.0,state,reference:morris
514,pipe_pressure,0.563218,PSI,reference:morris
514,label,0.0,state,reference:morris
515,pipe_pressure,0.597701,PSI,reference:morris
515,label,0.0,state,reference:morris
516,pipe_pressure,0.551724,PSI,reference:morris
516,label,0.0,state,reference:morris
517,pipe_pressure,0.551724,PSI,reference:morris
517,label,0.0,state,reference:morris
518,pipe_pressure,0.563218,PSI,reference:morris
518,label,0.0,state,reference:morris
519,pipe_pressure,0.563218,PSI,reference:morris
519,label,0.0,state,reference:morris
520,pipe_pressure,0.563218,PSI,reference:morris
520,label,0.0,state,reference:morris
521,pipe_pressure,0.551724,PSI,reference:morris
521,label,0.0,state,reference:morris
522,pipe_pressure,0.54023,PSI,reference:morris
522,label,0.0,state,reference:morris
523,pipe_pressure,0.563218,PSI,reference:morris
523,label,0.0,state,reference:morris
524,pipe_pressure,0.563218,PSI,reference:morris
524,label,0.0,state,reference:morris
525,pipe_pressure,0.563218,PSI,reference:morris
525,label,0.0,state,reference:morris
526,pipe_pressure,0.551724,PSI,reference:morris
526,label,0.0,state,reference:morris
527,pipe_pressure,0.574713,PSI,reference:morris
527,label,0.0,state,reference:morris
528,pipe_pressure,0.54023,PSI,reference:morris
528,label,0.0,state,reference:morris
529,pipe_pressure,0.574713,PSI,reference:morris
529,label,0.0,state,reference:morris
530,pipe_pressure,0.563218,PSI,reference:morris
530,label,0.0,state,reference:morris
531,pipe_pressure,0.574713,PSI,reference:morris
531,label,0.0,state,reference:morris
532,pipe_pressure,0.563218,PSI,reference:morris
532,label,0.0,state,reference:morris
533,pipe_pressure,0.563218,PSI,reference:morris
533,label,0.0,state,reference:morris
534,pipe_pressure,0.563218,PSI,reference:morris
534,label,0.0,state,reference:morris
535,pipe_pressure,0.551724,PSI,reference:morris
535,label,0.0,state,reference:morris
536,pipe_pressure,0.563218,PSI,reference:morris
536,label,0.0,state,reference:morris
537,pipe_pressure,0.551724,PSI,reference:morris
537,label,0.0,state,reference:morris
538,pipe_pressure,0.563218,PSI,reference:morris
538,label,0.0,state,reference:morris
539,pipe_pressure,0.563218,PSI,reference:morris
539,label,0.0,state,reference:morris
540,pipe_pressure,0.54023,PSI,reference:morris
540,label,0.0,state,reference:morris
541,pipe_pressure,0.563218,PSI,reference:morris
541,label,0.0,state,reference:morris
542,pipe_pressure,0.563218,PSI,reference:morris
542,label,0.0,state,reference:morris
543,pipe_pressure,0.551724,PSI,reference:morris
543,label,0.0,state,reference:morris
544,pipe_pressure,0.54023,PSI,reference:morris
544,label,0.0,state,reference:morris
545,pipe_pressure,0.551724,PSI,reference:morris
545,label,0.0,state,reference:morris
546,pipe_pressure,0.563218,PSI,reference:morris
546,label,0.0,state,reference:morris
547,pipe_pressure,0.574713,PSI,reference:morris
547,label,0.0,state,reference:morris
548,pipe_pressure,0.563218,PSI,reference:morris
548,label,0.0,state,reference:morris
549,pipe_pressure,0.563218,PSI,reference:morris
549,label,0.0,state,reference:morris
550,pipe_pressure,0.551724,PSI,reference:morris
550,label,0.0,state,reference:morris
551,pipe_pressure,0.563218,PSI,reference:morris
551,label,0.0,state,reference:morris
552,pipe_pressure,0.551724,PSI,reference:morris
552,label,0.0,state,reference:morris
553,pipe_pressure,0.563218,PSI,reference:morris
553,label,0.0,state,reference:morris
554,pipe_pressure,0.563218,PSI,reference:morris
554,label,0.0,state,reference:morris
555,pipe_pressure,0.574713,PSI,reference:morris
555,label,0.0,state,reference:morris
556,pipe_pressure,0.563218,PSI,reference:morris
556,label,0.0,state,reference:morris
557,pipe_pressure,0.551724,PSI,reference:morris
557,label,0.0,state,reference:morris
558,pipe_pressure,0.563218,PSI,reference:morris
558,label,0.0,state,reference:morris
559,pipe_pressure,0.551724,PSI,reference:morris
559,label,0.0,state,reference:morris
560,pipe_pressure,0.574713,PSI,reference:morris
560,label,0.0,state,reference:morris
561,pipe_pressure,0.563218,PSI,reference:morris
561,label,0.0,state,reference:morris
562,pipe_pressure,0.551724,PSI,reference:morris
562,label,0.0,state,reference:morris
563,pipe_pressure,0.574713,PSI,reference:morris
563,label,0.0,state,reference:morris
564,pipe_pressure,0.551724,PSI,reference:morris
564,label,0.0,state,reference:morris
565,pipe_pressure,0.551724,PSI,reference:morris
565,label,0.0,state,reference:morris
566,pipe_pressure,0.563218,PSI,reference:morris
566,label,0.0,state,reference:morris
567,pipe_pressure,0.563218,PSI,reference:morris
567,label,0.0,state,reference:morris
568,pipe_pressure,0.574713,PSI,reference:morris
568,label,0.0,state,reference:morris
569,pipe_pressure,0.563218,PSI,reference:morris
569,label,0.0,state,reference:morris
570,pipe_pressure,0.551724,PSI,reference:morris
570,label,0.0,state,reference:morris
571,pipe_pressure,0.563218,PSI,reference:morris
571,label,0.0,state,reference:morris
572,pipe_pressure,0.563218,PSI,reference:morris
572,label,0.0,state,reference:morris
573,pipe_pressure,0.551724,PSI,reference:morris
573,label,0.0,state,reference:morris
574,pipe_pressure,0.54023,PSI,reference:morris
574,label,0.0,state,reference:morris
575,pipe_pressure,0.551724,PSI,reference:morris
575,label,0.0,state,reference:morris
576,pipe_pressure,0.563218,PSI,reference:morris
576,label,0.0,state,reference:morris
577,pipe_pressure,0.574713,PSI,reference:morris
577,label,0.0,state,reference:morris
578,pipe_pressure,0.551724,PSI,reference:morris
578,label,0.0,state,reference:morris
579,pipe_pressure,0.563218,PSI,reference:morris
579,label,0.0,state,reference:morris
580,pipe_pressure,0.563218,PSI,reference:morris
580,label,0.0,state,reference:morris
581,pipe_pressure,0.563218,PSI,reference:morris
581,label,0.0,state,reference:morris
582,pipe_pressure,0.563218,PSI,reference:morris
582,label,0.0,state,reference:morris
583,pipe_pressure,0.551724,PSI,reference:morris
583,label,0.0,state,reference:morris
584,pipe_pressure,0.551724,PSI,reference:morris
584,label,0.0,state,reference:morris
585,pipe_pressure,0.563218,PSI,reference:morris
585,label,0.0,state,reference:morris
586,pipe_pressure,-0.0,PSI,reference:morris
586,label,1.0,state,reference:morris
587,pipe_pressure,-0.0,PSI,reference:morris
587,label,1.0,state,reference:morris
588,pipe_pressure,-0.0,PSI,reference:morris
588,label,1.0,state,reference:morris
589,pipe_pressure,-0.0,PSI,reference:morris
589,label,1.0,state,reference:morris
590,pipe_pressure,-0.0,PSI,reference:morris
590,label,1.0,state,reference:morris
591,pipe_pressure,-0.0,PSI,reference:morris
591,label,1.0,state,reference:morris
592,pipe_pressure,-0.0,PSI,reference:morris
592,label,1.0,state,reference:morris
593,pipe_pressure,-0.0,PSI,reference:morris
593,label,1.0,state,reference:morris
594,pipe_pressure,-0.0,PSI,reference:morris
594,label,1.0,state,reference:morris
595,pipe_pressure,-0.0,PSI,reference:morris
595,label,1.0,state,reference:morris
596,pipe_pressure,-0.0,PSI,reference:morris
596,label,1.0,state,reference:morris
597,pipe_pressure,-0.0,PSI,reference:morris
597,label,1.0,state,reference:morris
598,pipe_pressure,-0.0,PSI,reference:morris
598,label,1.0,state,reference:morris
599,pipe_pressure,-0.0,PSI,reference:morris
599,label,1.0,state,reference:morris
600,pipe_pressure,-0.0,PSI,reference:morris
600,label,1.0,state,reference:morris
601,pipe_pressure,-0.0,PSI,reference:morris
601,label,1.0,state,reference:morris
602,pipe_pressure,-0.0,PSI,reference:morris
602,label,1.0,state,reference:morris
603,pipe_pressure,-0.0,PSI,reference:morris
603,label,1.0,state,reference:morris
604,pipe_pressure,-0.0,PSI,reference:morris
604,label,1.0,state,reference:morris
605,pipe_pressure,-0.0,PSI,reference:morris
605,label,1.0,state,reference:morris
606,pipe_pressure,-0.0,PSI,reference:morris
606,label,1.0,state,reference:morris
607,pipe_pressure,-0.0,PSI,reference:morris
607,label,1.0,state,reference:morris
608,pipe_pressure,-0.0,PSI,reference:morris
608,label,1.0,state,reference:morris
609,pipe_pressure,-0.0,PSI,reference:morris
609,label,1.0,state,reference:morris
610,pipe_pressure,-0.0,PSI,reference:morris
610,label,1.0,state,reference:morris
611,pipe_pressure,-0.0,PSI,reference:morris
611,label,1.0,state,reference:morris
612,pipe_pressure,-0.0,PSI,reference:morris
612,label,1.0,state,reference:morris
613,pipe_pressure,0.563218,PSI,reference:morris
613,label,0.0,state,reference:morris
614,pipe_pressure,0.563218,PSI,reference:morris
614,label,0.0,state,reference:morris
615,pipe_pressure,0.574713,PSI,reference:morris
615,label,0.0,state,reference:morris
616,pipe_pressure,0.574713,PSI,reference:morris
616,label,0.0,state,reference:morris
617,pipe_pressure,0.563218,PSI,reference:morris
617,label,0.0,state,reference:morris
618,pipe_pressure,0.574713,PSI,reference:morris
618,label,0.0,state,reference:morris
619,pipe_pressure,0.551724,PSI,reference:morris
619,label,0.0,state,reference:morris
620,pipe_pressure,0.54023,PSI,reference:morris
620,label,0.0,state,reference:morris
621,pipe_pressure,0.563218,PSI,reference:morris
621,label,0.0,state,reference:morris
622,pipe_pressure,0.563218,PSI,reference:morris
622,label,0.0,state,reference:morris
623,pipe_pressure,0.574713,PSI,reference:morris
623,label,0.0,state,reference:morris
624,pipe_pressure,0.551724,PSI,reference:morris
624,label,0.0,state,reference:morris
625,pipe_pressure,0.563218,PSI,reference:morris
625,label,0.0,state,reference:morris
626,pipe_pressure,0.551724,PSI,reference:morris
626,label,0.0,state,reference:morris
627,pipe_pressure,0.574713,PSI,reference:morris
627,label,0.0,state,reference:morris
628,pipe_pressure,0.574713,PSI,reference:morris
628,label,0.0,state,reference:morris
629,pipe_pressure,0.551724,PSI,reference:morris
629,label,0.0,state,reference:morris
630,pipe_pressure,0.586207,PSI,reference:morris
630,label,0.0,state,reference:morris
631,pipe_pressure,0.551724,PSI,reference:morris
631,label,0.0,state,reference:morris
632,pipe_pressure,0.574713,PSI,reference:morris
632,label,0.0,state,reference:morris
633,pipe_pressure,0.574713,PSI,reference:morris
633,label,0.0,state,reference:morris
634,pipe_pressure,0.563218,PSI,reference:morris
634,label,0.0,state,reference:morris
635,pipe_pressure,0.551724,PSI,reference:morris
635,label,0.0,state,reference:morris
636,pipe_pressure,0.586207,PSI,reference:morris
636,label,0.0,state,reference:morris
637,pipe_pressure,0.551724,PSI,reference:morris
637,label,0.0,state,reference:morris
638,pipe_pressure,0.563218,PSI,reference:morris
638,label,0.0,state,reference:morris
639,pipe_pressure,0.551724,PSI,reference:morris
639,label,0.0,state,reference:morris
640,pipe_pressure,0.551724,PSI,reference:morris
640,label,0.0,state,reference:morris
641,pipe_pressure,0.0,PSI,reference:morris
641,label,1.0,state,reference:morris
642,pipe_pressure,-0.0,PSI,reference:morris
642,label,1.0,state,reference:morris
643,pipe_pressure,-0.0,PSI,reference:morris
643,label,1.0,state,reference:morris
644,pipe_pressure,0.000125124,PSI,reference:morris
644,label,1.0,state,reference:morris
645,pipe_pressure,999.0,PSI,reference:morris
645,label,1.0,state,reference:morris
646,pipe_pressure,-0.0,PSI,reference:morris
646,label,1.0,state,reference:morris
647,pipe_pressure,-0.0,PSI,reference:morris
647,label,1.0,state,reference:morris
648,pipe_pressure,6.63577e-10,PSI,reference:morris
648,label,1.0,state,reference:morris
649,pipe_pressure,999.0,PSI,reference:morris
649,label,1.0,state,reference:morris
650,pipe_pressure,-0.0,PSI,reference:morris
650,label,1.0,state,reference:morris
651,pipe_pressure,-0.0,PSI,reference:morris
651,label,1.0,state,reference:morris
652,pipe_pressure,3.2419e-15,PSI,reference:morris
652,label,1.0,state,reference:morris
653,pipe_pressure,-0.0,PSI,reference:morris
653,label,1.0,state,reference:morris
654,pipe_pressure,-0.0,PSI,reference:morris
654,label,1.0,state,reference:morris
655,pipe_pressure,999.0,PSI,reference:morris
655,label,1.0,state,reference:morris
656,pipe_pressure,6.63579e-10,PSI,reference:morris
656,label,1.0,state,reference:morris
657,pipe_pressure,-0.0,PSI,reference:morris
657,label,1.0,state,reference:morris
658,pipe_pressure,-0.0,PSI,reference:morris
658,label,1.0,state,reference:morris
659,pipe_pressure,999.0,PSI,reference:morris
659,label,1.0,state,reference:morris
660,pipe_pressure,0.000125124,PSI,reference:morris
660,label,1.0,state,reference:morris
661,pipe_pressure,-0.0,PSI,reference:morris
661,label,1.0,state,reference:morris
662,pipe_pressure,-0.0,PSI,reference:morris
662,label,1.0,state,reference:morris
663,pipe_pressure,0.0,PSI,reference:morris
663,label,1.0,state,reference:morris
664,pipe_pressure,0.563218,PSI,reference:morris
664,label,0.0,state,reference:morris
665,pipe_pressure,0.574713,PSI,reference:morris
665,label,0.0,state,reference:morris
666,pipe_pressure,0.586207,PSI,reference:morris
666,label,0.0,state,reference:morris
667,pipe_pressure,0.574713,PSI,reference:morris
667,label,0.0,state,reference:morris
668,pipe_pressure,0.586207,PSI,reference:morris
668,label,0.0,state,reference:morris
669,pipe_pressure,0.586207,PSI,reference:morris
669,label,0.0,state,reference:morris
670,pipe_pressure,0.574713,PSI,reference:morris
670,label,0.0,state,reference:morris
671,pipe_pressure,0.563218,PSI,reference:morris
671,label,0.0,state,reference:morris
672,pipe_pressure,0.574713,PSI,reference:morris
672,label,0.0,state,reference:morris
673,pipe_pressure,0.551724,PSI,reference:morris
673,label,0.0,state,reference:morris
674,pipe_pressure,0.586207,PSI,reference:morris
674,label,0.0,state,reference:morris
675,pipe_pressure,0.551724,PSI,reference:morris
675,label,0.0,state,reference:morris
676,pipe_pressure,0.574713,PSI,reference:morris
676,label,0.0,state,reference:morris
677,pipe_pressure,0.563218,PSI,reference:morris
677,label,0.0,state,reference:morris
678,pipe_pressure,0.574713,PSI,reference:morris
678,label,0.0,state,reference:morris
679,pipe_pressure,0.586207,PSI,reference:morris
679,label,0.0,state,reference:morris
680,pipe_pressure,0.574713,PSI,reference:morris
680,label,0.0,state,reference:morris
681,pipe_pressure,0.586207,PSI,reference:morris
681,label,0.0,state,reference:morris
682,pipe_pressure,0.574713,PSI,reference:morris
682,label,0.0,state,reference:morris
683,pipe_pressure,0.551724,PSI,reference:morris
683,label,0.0,state,reference:morris
684,pipe_pressure,0.563218,PSI,reference:morris
684,label,0.0,state,reference:morris
685,pipe_pressure,0.563218,PSI,reference:morris
685,label,0.0,state,reference:morris
686,pipe_pressure,0.586207,PSI,reference:morris
686,label,0.0,state,reference:morris
687,pipe_pressure,0.563218,PSI,reference:morris
687,label,0.0,state,reference:morris
688,pipe_pressure,0.563218,PSI,reference:morris
688,label,0.0,state,reference:morris
689,pipe_pressure,0.551724,PSI,reference:morris
689,label,0.0,state,reference:morris
690,pipe_pressure,0.563218,PSI,reference:morris
690,label,0.0,state,reference:morris
691,pipe_pressure,0.586207,PSI,reference:morris
691,label,0.0,state,reference:morris
692,pipe_pressure,0.563218,PSI,reference:morris
692,label,0.0,state,reference:morris
693,pipe_pressure,0.574713,PSI,reference:morris
693,label,0.0,state,reference:morris
694,pipe_pressure,0.551724,PSI,reference:morris
694,label,0.0,state,reference:morris
695,pipe_pressure,0.563218,PSI,reference:morris
695,label,0.0,state,reference:morris
696,pipe_pressure,0.586207,PSI,reference:morris
696,label,0.0,state,reference:morris
697,pipe_pressure,0.563218,PSI,reference:morris
697,label,0.0,state,reference:morris
698,pipe_pressure,0.563218,PSI,reference:morris
698,label,0.0,state,reference:morris
699,pipe_pressure,0.563218,PSI,reference:morris
699,label,0.0,state,reference:morris
700,pipe_pressure,0.563218,PSI,reference:morris
700,label,0.0,state,reference:morris
701,pipe_pressure,0.551724,PSI,reference:morris
701,label,0.0,state,reference:morris
702,pipe_pressure,0.563218,PSI,reference:morris
702,label,0.0,state,reference:morris
703,pipe_pressure,0.574713,PSI,reference:morris
703,label,0.0,state,reference:morris
704,pipe_pressure,0.563218,PSI,reference:morris
704,label,0.0,state,reference:morris
705,pipe_pressure,0.563218,PSI,reference:morris
705,label,0.0,state,reference:morris
706,pipe_pressure,0.551724,PSI,reference:morris
706,label,0.0,state,reference:morris
707,pipe_pressure,0.551724,PSI,reference:morris
707,label,0.0,state,reference:morris
708,pipe_pressure,0.563218,PSI,reference:morris
708,label,0.0,state,reference:morris
709,pipe_pressure,0.563218,PSI,reference:morris
709,label,0.0,state,reference:morris
710,pipe_pressure,0.551724,PSI,reference:morris
710,label,0.0,state,reference:morris
711,pipe_pressure,0.574713,PSI,reference:morris
711,label,0.0,state,reference:morris
712,pipe_pressure,0.586207,PSI,reference:morris
712,label,0.0,state,reference:morris
713,pipe_pressure,0.586207,PSI,reference:morris
713,label,0.0,state,reference:morris
714,pipe_pressure,0.563218,PSI,reference:morris
714,label,0.0,state,reference:morris
715,pipe_pressure,0.563218,PSI,reference:morris
715,label,0.0,state,reference:morris
716,pipe_pressure,0.574713,PSI,reference:morris
716,label,0.0,state,reference:morris
717,pipe_pressure,0.563218,PSI,reference:morris
717,label,0.0,state,reference:morris
718,pipe_pressure,0.574713,PSI,reference:morris
718,label,0.0,state,reference:morris
719,pipe_pressure,0.551724,PSI,reference:morris
719,label,0.0,state,reference:morris
720,pipe_pressure,0.551724,PSI,reference:morris
720,label,0.0,state,reference:morris
721,pipe_pressure,0.563218,PSI,reference:morris
721,label,0.0,state,reference:morris
722,pipe_pressure,0.563218,PSI,reference:morris
722,label,0.0,state,reference:morris
723,pipe_pressure,0.574713,PSI,reference:morris
723,label,0.0,state,reference:morris
724,pipe_pressure,0.54023,PSI,reference:morris
724,label,0.0,state,reference:morris
725,pipe_pressure,0.563218,PSI,reference:morris
725,label,0.0,state,reference:morris
726,pipe_pressure,0.574713,PSI,reference:morris
726,label,0.0,state,reference:morris
727,pipe_pressure,1.61171,PSI,reference:morris
727,label,1.0,state,reference:morris
728,pipe_pressure,0.555406,PSI,reference:morris
728,label,1.0,state,reference:morris
729,pipe_pressure,0.555406,PSI,reference:morris
729,label,1.0,state,reference:morris
730,pipe_pressure,0.555406,PSI,reference:morris
730,label,1.0,state,reference:morris
731,pipe_pressure,0.555406,PSI,reference:morris
731,label,1.0,state,reference:morris
732,pipe_pressure,0.55563,PSI,reference:morris
732,label,1.0,state,reference:morris
733,pipe_pressure,0.555855,PSI,reference:morris
733,label,1.0,state,reference:morris
734,pipe_pressure,0.55563,PSI,reference:morris
734,label,1.0,state,reference:morris
735,pipe_pressure,0.555406,PSI,reference:morris
735,label,1.0,state,reference:morris
736,pipe_pressure,0.555406,PSI,reference:morris
736,label,1.0,state,reference:morris
737,pipe_pressure,0.555181,PSI,reference:morris
737,label,1.0,state,reference:morris
738,pipe_pressure,0.55563,PSI,reference:morris
738,label,1.0,state,reference:morris
739,pipe_pressure,0.55563,PSI,reference:morris
739,label,1.0,state,reference:morris
740,pipe_pressure,0.555855,PSI,reference:morris
740,label,1.0,state,reference:morris
741,pipe_pressure,0.555406,PSI,reference:morris
741,label,1.0,state,reference:morris
742,pipe_pressure,0.55563,PSI,reference:morris
742,label,1.0,state,reference:morris
743,pipe_pressure,0.55563,PSI,reference:morris
743,label,1.0,state,reference:morris
744,pipe_pressure,0.555855,PSI,reference:morris
744,label,1.0,state,reference:morris
745,pipe_pressure,0.555406,PSI,reference:morris
745,label,1.0,state,reference:morris
746,pipe_pressure,0.555181,PSI,reference:morris
746,label,1.0,state,reference:morris
747,pipe_pressure,0.555406,PSI,reference:morris
747,label,1.0,state,reference:morris
748,pipe_pressure,0.555406,PSI,reference:morris
748,label,1.0,state,reference:morris
749,pipe_pressure,0.554957,PSI,reference:morris
749,label,1.0,state,reference:morris
750,pipe_pressure,0.554732,PSI,reference:morris
750,label,1.0,state,reference:morris
751,pipe_pressure,0.554957,PSI,reference:morris
751,label,1.0,state,reference:morris
752,pipe_pressure,0.554957,PSI,reference:morris
752,label,1.0,state,reference:morris
753,pipe_pressure,0.555181,PSI,reference:morris
753,label,1.0,state,reference:morris
754,pipe_pressure,0.563218,PSI,reference:morris
754,label,0.0,state,reference:morris
755,pipe_pressure,0.574713,PSI,reference:morris
755,label,0.0,state,reference:morris
756,pipe_pressure,0.563218,PSI,reference:morris
756,label,0.0,state,reference:morris
757,pipe_pressure,0.551724,PSI,reference:morris
757,label,0.0,state,reference:morris
758,pipe_pressure,0.574713,PSI,reference:morris
758,label,0.0,state,reference:morris
759,pipe_pressure,0.597701,PSI,reference:morris
759,label,0.0,state,reference:morris
760,pipe_pressure,0.563218,PSI,reference:morris
760,label,0.0,state,reference:morris
761,pipe_pressure,0.586207,PSI,reference:morris
761,label,0.0,state,reference:morris
762,pipe_pressure,0.574713,PSI,reference:morris
762,label,0.0,state,reference:morris
763,pipe_pressure,0.574713,PSI,reference:morris
763,label,0.0,state,reference:morris
764,pipe_pressure,0.586207,PSI,reference:morris
764,label,0.0,state,reference:morris
765,pipe_pressure,0.551724,PSI,reference:morris
765,label,0.0,state,reference:morris
766,pipe_pressure,0.551724,PSI,reference:morris
766,label,0.0,state,reference:morris
767,pipe_pressure,0.574713,PSI,reference:morris
767,label,0.0,state,reference:morris
768,pipe_pressure,0.563218,PSI,reference:morris
768,label,0.0,state,reference:morris
769,pipe_pressure,0.551724,PSI,reference:morris
769,label,0.0,state,reference:morris
770,pipe_pressure,2.45977,PSI,reference:morris
770,label,0.0,state,reference:morris
771,pipe_pressure,2.55172,PSI,reference:morris
771,label,0.0,state,reference:morris
772,pipe_pressure,1.51724,PSI,reference:morris
772,label,0.0,state,reference:morris
773,pipe_pressure,1.42529,PSI,reference:morris
773,label,0.0,state,reference:morris
774,pipe_pressure,3.47126,PSI,reference:morris
774,label,0.0,state,reference:morris
775,pipe_pressure,7.49425,PSI,reference:morris
775,label,0.0,state,reference:morris
776,pipe_pressure,4.70115,PSI,reference:morris
776,label,0.0,state,reference:morris
777,pipe_pressure,4.35632,PSI,reference:morris
777,label,0.0,state,reference:morris
778,pipe_pressure,8.34483,PSI,reference:morris
778,label,0.0,state,reference:morris
779,pipe_pressure,9.10345,PSI,reference:morris
779,label,0.0,state,reference:morris
780,pipe_pressure,9.32184,PSI,reference:morris
780,label,0.0,state,reference:morris
781,pipe_pressure,9.4023,PSI,reference:morris
781,label,0.0,state,reference:morris
782,pipe_pressure,10.023,PSI,reference:morris
782,label,0.0,state,reference:morris
783,pipe_pressure,9.94253,PSI,reference:morris
783,label,0.0,state,reference:morris
784,pipe_pressure,5.01149,PSI,reference:morris
784,label,0.0,state,reference:morris
785,pipe_pressure,2.82759,PSI,reference:morris
785,label,0.0,state,reference:morris
786,pipe_pressure,1.77011,PSI,reference:morris
786,label,0.0,state,reference:morris
787,pipe_pressure,1.8046,PSI,reference:morris
787,label,0.0,state,reference:morris
788,pipe_pressure,1.81609,PSI,reference:morris
788,label,0.0,state,reference:morris
789,pipe_pressure,3.35632,PSI,reference:morris
789,label,0.0,state,reference:morris
790,pipe_pressure,-0.0,PSI,reference:morris
790,label,1.0,state,reference:morris
791,pipe_pressure,-0.0,PSI,reference:morris
791,label,1.0,state,reference:morris
792,pipe_pressure,-0.0,PSI,reference:morris
792,label,1.0,state,reference:morris
793,pipe_pressure,-0.0,PSI,reference:morris
793,label,1.0,state,reference:morris
794,pipe_pressure,-0.0,PSI,reference:morris
794,label,1.0,state,reference:morris
795,pipe_pressure,-0.0,PSI,reference:morris
795,label,1.0,state,reference:morris
796,pipe_pressure,-0.0,PSI,reference:morris
796,label,1.0,state,reference:morris
797,pipe_pressure,-0.0,PSI,reference:morris
797,label,1.0,state,reference:morris
798,pipe_pressure,-0.0,PSI,reference:morris
798,label,1.0,state,reference:morris
799,pipe_pressure,-0.0,PSI,reference:morris
799,label,1.0,state,reference:morris
800,pipe_pressure,-0.0,PSI,reference:morris
800,label,1.0,state,reference:morris
801,pipe_pressure,-0.0,PSI,reference:morris
801,label,1.0,state,reference:morris
802,pipe_pressure,-0.0,PSI,reference:morris
802,label,1.0,state,reference:morris
803,pipe_pressure,-0.0,PSI,reference:morris
803,label,1.0,state,reference:morris
804,pipe_pressure,-0.0,PSI,reference:morris
804,label,1.0,state,reference:morris
805,pipe_pressure,-0.0,PSI,reference:morris
805,label,1.0,state,reference:morris
806,pipe_pressure,-0.0,PSI,reference:morris
806,label,1.0,state,reference:morris
807,pipe_pressure,-0.0,PSI,reference:morris
807,label,1.0,state,reference:morris
808,pipe_pressure,-0.0,PSI,reference:morris
808,label,1.0,state,reference:morris
809,pipe_pressure,-0.0,PSI,reference:morris
809,label,1.0,state,reference:morris
810,pipe_pressure,-0.0,PSI,reference:morris
810,label,1.0,state,reference:morris
811,pipe_pressure,-0.0,PSI,reference:morris
811,label,1.0,state,reference:morris
812,pipe_pressure,-0.0,PSI,reference:morris
812,label,1.0,state,reference:morris
813,pipe_pressure,-0.0,PSI,reference:morris
813,label,1.0,state,reference:morris
814,pipe_pressure,-0.0,PSI,reference:morris
814,label,1.0,state,reference:morris
815,pipe_pressure,6.68965,PSI,reference:morris
815,label,0.0,state,reference:morris
816,pipe_pressure,6.74713,PSI,reference:morris
816,label,0.0,state,reference:morris
817,pipe_pressure,6.68965,PSI,reference:morris
817,label,0.0,state,reference:morris
818,pipe_pressure,6.73563,PSI,reference:morris
818,label,0.0,state,reference:morris
819,pipe_pressure,6.72414,PSI,reference:morris
819,label,0.0,state,reference:morris
820,pipe_pressure,6.70115,PSI,reference:morris
820,label,0.0,state,reference:morris
821,pipe_pressure,6.70115,PSI,reference:morris
821,label,0.0,state,reference:morris
822,pipe_pressure,6.71264,PSI,reference:morris
822,label,0.0,state,reference:morris
823,pipe_pressure,6.68965,PSI,reference:morris
823,label,0.0,state,reference:morris
824,pipe_pressure,6.70115,PSI,reference:morris
824,label,0.0,state,reference:morris
825,pipe_pressure,6.68965,PSI,reference:morris
825,label,0.0,state,reference:morris
826,pipe_pressure,6.68965,PSI,reference:morris
826,label,0.0,state,reference:morris
827,pipe_pressure,6.68965,PSI,reference:morris
827,label,0.0,state,reference:morris
828,pipe_pressure,6.68965,PSI,reference:morris
828,label,0.0,state,reference:morris
829,pipe_pressure,6.67816,PSI,reference:morris
829,label,0.0,state,reference:morris
830,pipe_pressure,6.68965,PSI,reference:morris
830,label,0.0,state,reference:morris
831,pipe_pressure,6.68965,PSI,reference:morris
831,label,0.0,state,reference:morris
832,pipe_pressure,6.67816,PSI,reference:morris
832,label,0.0,state,reference:morris
833,pipe_pressure,6.66667,PSI,reference:morris
833,label,0.0,state,reference:morris
834,pipe_pressure,6.68965,PSI,reference:morris
834,label,0.0,state,reference:morris
835,pipe_pressure,6.67816,PSI,reference:morris
835,label,0.0,state,reference:morris
836,pipe_pressure,6.66667,PSI,reference:morris
836,label,0.0,state,reference:morris
837,pipe_pressure,6.66667,PSI,reference:morris
837,label,0.0,state,reference:morris
838,pipe_pressure,6.67816,PSI,reference:morris
838,label,0.0,state,reference:morris
839,pipe_pressure,6.70115,PSI,reference:morris
839,label,0.0,state,reference:morris
840,pipe_pressure,6.67816,PSI,reference:morris
840,label,0.0,state,reference:morris
841,pipe_pressure,-0.0,PSI,reference:morris
841,label,1.0,state,reference:morris
842,pipe_pressure,-0.0,PSI,reference:morris
842,label,1.0,state,reference:morris
843,pipe_pressure,-0.0,PSI,reference:morris
843,label,1.0,state,reference:morris
844,pipe_pressure,1.03743e-19,PSI,reference:morris
844,label,1.0,state,reference:morris
845,pipe_pressure,1.29884e-36,PSI,reference:morris
845,label,1.0,state,reference:morris
846,pipe_pressure,-0.0,PSI,reference:morris
846,label,1.0,state,reference:morris
847,pipe_pressure,0.00044162,PSI,reference:morris
847,label,1.0,state,reference:morris
848,pipe_pressure,-0.0,PSI,reference:morris
848,label,1.0,state,reference:morris
849,pipe_pressure,-0.0,PSI,reference:morris
849,label,1.0,state,reference:morris
850,pipe_pressure,-0.0,PSI,reference:morris
850,label,1.0,state,reference:morris
851,pipe_pressure,999.0,PSI,reference:morris
851,label,1.0,state,reference:morris
852,pipe_pressure,1.76118e-24,PSI,reference:morris
852,label,1.0,state,reference:morris
853,pipe_pressure,-0.0,PSI,reference:morris
853,label,1.0,state,reference:morris
854,pipe_pressure,-0.0,PSI,reference:morris
854,label,1.0,state,reference:morris
855,pipe_pressure,-0.0,PSI,reference:morris
855,label,1.0,state,reference:morris
856,pipe_pressure,-0.0,PSI,reference:morris
856,label,1.0,state,reference:morris
857,pipe_pressure,3.68533e-32,PSI,reference:morris
857,label,1.0,state,reference:morris
858,pipe_pressure,-0.0,PSI,reference:morris
858,label,1.0,state,reference:morris
859,pipe_pressure,2.36999e-13,PSI,reference:morris
859,label,1.0,state,reference:morris
860,pipe_pressure,-0.0,PSI,reference:morris
860,label,1.0,state,reference:morris
861,pipe_pressure,9.29779e-35,PSI,reference:morris
861,label,1.0,state,reference:morris
862,pipe_pressure,2.89823e-38,PSI,reference:morris
862,label,1.0,state,reference:morris
863,pipe_pressure,-0.0,PSI,reference:morris
863,label,1.0,state,reference:morris
864,pipe_pressure,1.56967e-18,PSI,reference:morris
864,label,1.0,state,reference:morris
865,pipe_pressure,-0.0,PSI,reference:morris
865,label,1.0,state,reference:morris
866,pipe_pressure,999.0,PSI,reference:morris
866,label,1.0,state,reference:morris
867,pipe_pressure,999.0,PSI,reference:morris
867,label,1.0,state,reference:morris
868,pipe_pressure,6.66667,PSI,reference:morris
868,label,0.0,state,reference:morris
869,pipe_pressure,6.67816,PSI,reference:morris
869,label,0.0,state,reference:morris
870,pipe_pressure,6.65517,PSI,reference:morris
870,label,0.0,state,reference:morris
871,pipe_pressure,6.65517,PSI,reference:morris
871,label,0.0,state,reference:morris
872,pipe_pressure,6.66667,PSI,reference:morris
872,label,0.0,state,reference:morris
873,pipe_pressure,6.66667,PSI,reference:morris
873,label,0.0,state,reference:morris
874,pipe_pressure,6.63218,PSI,reference:morris
874,label,0.0,state,reference:morris
875,pipe_pressure,6.6092,PSI,reference:morris
875,label,0.0,state,reference:morris
876,pipe_pressure,6.66667,PSI,reference:morris
876,label,0.0,state,reference:morris
877,pipe_pressure,6.63218,PSI,reference:morris
877,label,0.0,state,reference:morris
878,pipe_pressure,6.65517,PSI,reference:morris
878,label,0.0,state,reference:morris
879,pipe_pressure,6.63218,PSI,reference:morris
879,label,0.0,state,reference:morris
880,pipe_pressure,6.65517,PSI,reference:morris
880,label,0.0,state,reference:morris
881,pipe_pressure,6.64368,PSI,reference:morris
881,label,0.0,state,reference:morris
882,pipe_pressure,6.65517,PSI,reference:morris
882,label,0.0,state,reference:morris
883,pipe_pressure,6.65517,PSI,reference:morris
883,label,0.0,state,reference:morris
884,pipe_pressure,-0.0,PSI,reference:morris
884,label,1.0,state,reference:morris
885,pipe_pressure,-0.0,PSI,reference:morris
885,label,1.0,state,reference:morris
886,pipe_pressure,8.08152e-39,PSI,reference:morris
886,label,1.0,state,reference:morris
887,pipe_pressure,1.6875,PSI,reference:morris
887,label,1.0,state,reference:morris
888,pipe_pressure,999.0,PSI,reference:morris
888,label,1.0,state,reference:morris
889,pipe_pressure,-0.0,PSI,reference:morris
889,label,1.0,state,reference:morris
890,pipe_pressure,-0.0,PSI,reference:morris
890,label,1.0,state,reference:morris
891,pipe_pressure,0.105469,PSI,reference:morris
891,label,1.0,state,reference:morris
892,pipe_pressure,999.0,PSI,reference:morris
892,label,1.0,state,reference:morris
893,pipe_pressure,-0.0,PSI,reference:morris
893,label,1.0,state,reference:morris
894,pipe_pressure,-0.0,PSI,reference:morris
894,label,1.0,state,reference:morris
895,pipe_pressure,0.0065918,PSI,reference:morris
895,label,1.0,state,reference:morris
896,pipe_pressure,-0.0,PSI,reference:morris
896,label,1.0,state,reference:morris
897,pipe_pressure,-0.0,PSI,reference:morris
897,label,1.0,state,reference:morris
898,pipe_pressure,999.0,PSI,reference:morris
898,label,1.0,state,reference:morris
899,pipe_pressure,0.105469,PSI,reference:morris
899,label,1.0,state,reference:morris
